id,project_id,parent_question_id,question,context,source,source_text,priority,status,created_at,updated_at
1,1,,"To establish a baseline, what current systems, applications, and data flows constitute 'Flowmart'? Please provide a system architecture diagram or data flow diagram if available. (Target Stakeholder: Enterprise Architect/Technical Lead)","Clarifies the precise scope of 'Flowmart' within the enterprise architecture, providing a necessary foundation for future-state design. Understanding the existing systems and their relationships is crucial for identifying areas for improvement and transformation. This question replaces the initial broad question by focusing on specific artifacts.",Requirement: REQ-01,Understand and review documents related to enterprise architecture standards & guidelines to create Flowmart future state,1,partially_answered,2025-05-16 11:08:14,2025-05-16 11:21:31
2,1,,"Can you provide a comprehensive list of the relevant enterprise architecture standards and guidelines applicable to Flowmart, including links to the documents, their current versions, and the specific sections pertaining to cloud adoption, security, data governance, and integration patterns? (Target Stakeholder: Enterprise Architect)",Ensures all relevant architectural constraints and recommendations are considered during the future-state design. This question consolidates the first question and adds key areas of focus for future architecture.,Requirement: REQ-01,Understand and review documents related to enterprise architecture standards & guidelines to create Flowmart future state,1,partially_answered,2025-05-16 11:08:14,2025-05-16 11:21:38
3,1,,"What are the critical non-functional requirements (NFRs) for the 'Flowmart future state' architecture, specifically related to scalability (transactions per second), availability (uptime percentage), security (compliance standards), and performance (latency), and how will these be measured and validated? (Target Stakeholder: Business Analyst/Technical Lead)",Focuses on quantifiable performance and operational metrics that the future-state architecture must achieve. Defining these metrics upfront ensures that the design meets the specific business and technical needs of Flowmart and allows for proper validation after implementation.,Requirement: REQ-01,Understand and review documents related to enterprise architecture standards & guidelines to create Flowmart future state,2,unanswered,2025-05-16 11:08:14,2025-05-16 11:08:14
4,1,,"Who is the designated approver/governance body for the 'Flowmart future state' architecture, and what architectural review checklist or framework (e.g., TOGAF ADM compliance) will be used during the approval process? (Target Stakeholder: Project Manager/Enterprise Architect)","Identifies the decision-making authority and the specific criteria used to evaluate the proposed architecture, ensuring alignment with governance processes and facilitating a smooth approval workflow.",Requirement: REQ-01,Understand and review documents related to enterprise architecture standards & guidelines to create Flowmart future state,3,unanswered,2025-05-16 11:08:14,2025-05-16 11:08:14
5,1,,"What are the current key performance indicators (KPIs) and service level objectives (SLOs) for Flowmart, and how will the proposed future-state architecture improve them (e.g., latency, throughput, availability, cost)?",Understanding the current performance and desired improvements is critical for validating the success of the future-state architecture. This targets quantifiable metrics.,Requirement: REQ-02,Creating future state architecture for Flowmart,1,unanswered,2025-05-16 11:08:14,2025-05-16 11:08:14
6,1,,"Beyond documented standards, are there any undocumented architectural constraints, technical debts, or integration complexities within Travelers IT that could impact the Flowmart architecture (e.g., specific versions of software, dependencies on legacy systems, limitations of the existing infrastructure)?",Uncovering hidden constraints and existing technical debt is crucial for realistic architecture design. This ensures we don't propose solutions that will face unexpected roadblocks during implementation.,Requirement: REQ-02,Creating future state architecture for Flowmart,1,unanswered,2025-05-16 11:08:14,2025-05-16 11:08:14
7,1,,"What are the expected non-functional requirements (NFRs) for Flowmart in the future state, specifically regarding scalability (peak load, growth rate), security (authentication, authorization, data protection), performance (response times, throughput), and maintainability (monitoring, logging, automated deployments)? Can you provide specific metrics or targets for each NFR?",Detailed NFRs are essential for designing a robust and scalable architecture.  Specifying desired performance and availability characteristics will directly influence technology choices.,Requirement: REQ-02,Creating future state architecture for Flowmart,2,unanswered,2025-05-16 11:08:14,2025-05-16 11:08:14
8,1,,"Given the anticipated future state, what are the preferred technology stacks or platforms (e.g., specific cloud providers, container orchestration platforms, message queues, databases) mandated or strongly recommended by Travelers IT, along with the rationale behind these preferences?","Understanding preferred technologies ensures alignment with existing infrastructure and strategic technology direction, minimizing integration challenges and maximizing reuse.",Requirement: REQ-02,Creating future state architecture for Flowmart,2,unanswered,2025-05-16 11:08:14,2025-05-16 11:08:14
9,1,,"Specifically for the Flowmart modernization, can you provide direct links or document names for the mandatory enterprise architecture standards and guidelines related to application security, data governance, integration patterns, and technology stack (e.g., approved frameworks, coding standards, infrastructure requirements)?",Focuses on actionable information: direct pointers to the specific EA standards relevant to key technical areas of the Flowmart project. This is more efficient than a general document search.,Requirement: REQ-03,"Understand approved enterprise architecture standards and guidelines, and compliance requirements",1,unanswered,2025-05-16 11:08:14,2025-05-16 11:08:14
10,1,,"What specific regulatory (e.g., GDPR, CCPA) and internal Travelers' policies (e.g., data retention, access control, PII handling) are applicable to the Flowmart modernization, and how are these policies enforced at the application and data layers? Please provide reference documentation and any related tooling requirements.",Combines the need for understanding compliance with the practical question of how that compliance is achieved in the application. It also highlights the need for understanding enforcement mechanisms and tooling.,Requirement: REQ-03,"Understand approved enterprise architecture standards and guidelines, and compliance requirements",1,unanswered,2025-05-16 11:08:14,2025-05-16 11:08:14
11,1,,"Are there any pre-approved architectural deviations or exceptions applicable to Flowmart's specific business context (e.g., legacy system integration, unique data requirements)? If so, what are the documented justifications and limitations for these exceptions, and who is the approving authority?","Focuses on practical deviations from the standards that can significantly impact design decisions. Understanding the context, limitations, and approval process is crucial.",Requirement: REQ-03,"Understand approved enterprise architecture standards and guidelines, and compliance requirements",2,unanswered,2025-05-16 11:08:14,2025-05-16 11:08:14
12,1,,"Beyond documentation, how can the Flowmart team engage with the enterprise architecture governance process to address standards-related questions, propose deviations where necessary, and ensure timely updates and communication of relevant architectural changes?",Focuses on the ongoing relationship with the EA team and the practical means of addressing questions and changes during the project lifecycle. Addresses proactive deviation management and communication.,Requirement: REQ-03,"Understand approved enterprise architecture standards and guidelines, and compliance requirements",3,unanswered,2025-05-16 11:08:14,2025-05-16 11:08:14
13,1,,"Please provide a detailed inventory of approved products, platforms, and tools mandated for Flowmart modernization, including: version numbers (and end-of-life dates where applicable), designated support contacts within Travelers (including escalation paths), and relevant governance policies or usage guidelines.","Ensures adherence to approved technology standards from the outset. This comprehensive inventory will streamline development, facilitate support, and minimize compliance risks. Understanding escalation paths and governance policies is crucial for efficient problem resolution and adherence to organizational standards.",Requirement: REQ-04,"Understand approved products, platforms and tools",1,unanswered,2025-05-16 11:08:14,2025-05-16 11:08:14
14,1,,"Are there specific architectural patterns (e.g., microservices, event-driven architecture) or reference architectures mandated or preferred for Flowmart modernization? If so, please provide documentation outlining these patterns, including any associated constraints or implementation guidance.","Understanding mandated or preferred architectural patterns early ensures alignment with enterprise architecture standards, reduces rework, and promotes consistency across the organization. Access to relevant documentation and implementation guidance is critical for successful adoption of these patterns.",Requirement: REQ-04,"Understand approved products, platforms and tools",1,unanswered,2025-05-16 11:08:14,2025-05-16 11:08:14
15,1,,"What are the key non-functional requirements (NFRs) – including performance benchmarks, scalability targets, security standards, and maintainability expectations – that the selected Flowmart technology stack must meet? How are these NFRs measured and validated during the modernization process?","Ensures the chosen technologies can adequately support the modernized Flowmart application's operational requirements, particularly under peak load and evolving business demands. Defining measurement and validation procedures ensures the NFRs are demonstrably met.",Requirement: REQ-04,"Understand approved products, platforms and tools",2,unanswered,2025-05-16 11:08:14,2025-05-16 11:08:14
16,1,,"What is the documented process for requesting and obtaining approval for exceptions to the approved products, platforms, and tools list? What specific criteria (e.g., total cost of ownership, security compliance, integration capabilities) are used to evaluate such requests, and what level of technical justification is required?","Clarifies the procedure for deviating from standard technologies, ensuring a well-defined and transparent exception process. Understanding the evaluation criteria and required justification will facilitate efficient request preparation and approval.",Requirement: REQ-04,"Understand approved products, platforms and tools",2,unanswered,2025-05-16 11:08:14,2025-05-16 11:08:14
17,1,,"Could you provide a detailed data flow diagram identifying all data elements within Flowmart, specifying which elements require encryption at rest and in transit, and the corresponding data classification/sensitivity levels (e.g., PII, PHI, Confidential)? For each data element, please specify the rationale for the assigned classification.",Understanding the data flow and sensitivity levels for each data element is crucial for selecting appropriate encryption methods and implementing effective key management. The rationale ensures classification is consistent and auditable.,Requirement: REQ-05,"Assess security requirements for Flowmart, including access control and encryption.",1,unanswered,2025-05-16 11:08:14,2025-05-16 11:08:14
18,1,,"What authentication and authorization mechanisms are currently implemented for Flowmart? Specifically, how are user identities managed (e.g., local accounts, LDAP, SAML), and what is the process for assigning and managing user roles and permissions (RBAC, ABAC)? Are there any planned integrations with Travelers' existing IAM infrastructure, and if so, what are the technical details and timelines?","This question clarifies the current identity and access management (IAM) landscape, enabling us to identify potential integration points and security gaps. Knowing the existing user provisioning process informs integration efforts.",Requirement: REQ-05,"Assess security requirements for Flowmart, including access control and encryption.",1,unanswered,2025-05-16 11:08:14,2025-05-16 11:08:14
19,1,,"Which compliance regulations (e.g., PCI DSS, HIPAA, GDPR, CCPA) are applicable to Flowmart, and what specific controls related to access control and encryption are mandated by each? Please provide relevant documentation or compliance reports.",Compliance requirements dictate the necessary security controls. Access to documentation facilitates comprehensive security assessment and planning.,Requirement: REQ-05,"Assess security requirements for Flowmart, including access control and encryption.",2,unanswered,2025-05-16 11:08:14,2025-05-16 11:08:14
20,1,,"What are the performance requirements for Flowmart, including peak transaction rates and latency SLAs? Are there any constraints on CPU or memory usage that we should be aware of when selecting encryption algorithms and key management solutions? What are the current performance metrics of the application?",Understanding performance requirements will guide the selection of appropriate encryption methods and key management strategies to minimize the impact on application performance. Baseline metrics are important for measuring impact.,Requirement: REQ-05,"Assess security requirements for Flowmart, including access control and encryption.",3,unanswered,2025-05-16 11:08:14,2025-05-16 11:08:14
21,1,,"Please provide a detailed inventory of all data sources, including internal databases (schemas and tables), external APIs (endpoints and data formats), and third-party data feeds (vendors and delivery mechanisms). For each source, specify the data owner, data retention policies, data quality metrics, and any existing data dictionaries or metadata repositories.","A comprehensive understanding of the data landscape is crucial for designing an effective modernization strategy. This question aims to uncover the breadth, depth, and quality of available data, as well as existing governance structures. This information will inform data source mapping, data integration strategies, and data quality improvement efforts.",Requirement: REQ-06,A deep dive into the data sources and infrastructure will provide visibility into what information is available and how it is currently being analyzed to identify opportunities to better leverage existing data.,1,unanswered,2025-05-16 11:08:14,2025-05-16 11:08:14
22,1,,"Describe the current data analysis pipeline, including specific tools and technologies used for data extraction (e.g., ETL/ELT tools, scripting languages), data transformation (e.g., data cleansing, aggregation, feature engineering), data storage (e.g., data warehouses, data lakes), and data visualization/reporting (e.g., BI platforms, custom dashboards). Please include details on version numbers, infrastructure specifications (e.g., server sizes, cloud services), and security measures implemented at each stage of the pipeline.","Understanding the existing data analysis pipeline is essential for identifying potential bottlenecks, inefficiencies, and security vulnerabilities. This question focuses on the technical details of the pipeline, enabling a thorough assessment of the current technology stack and its limitations. The response will inform the Technology Fitment Report, future state architecture, and potential migration strategies.",Requirement: REQ-06,A deep dive into the data sources and infrastructure will provide visibility into what information is available and how it is currently being analyzed to identify opportunities to better leverage existing data.,1,unanswered,2025-05-16 11:08:14,2025-05-16 11:08:14
23,1,,"What specific limitations or challenges exist within the current data infrastructure and analysis processes regarding scalability (handling increased data volume/velocity/variety), performance (query response times, processing latency), data quality (accuracy, completeness, consistency), data governance (access control, auditability), and security (data encryption, compliance)? Please provide quantitative data or examples to illustrate these limitations.","Identifying the pain points and limitations of the current state is critical for defining the scope of the modernization effort and prioritizing areas for improvement. This question probes into specific technical challenges, requiring concrete examples and data to support the claims. The information will inform the Needs Assessment Report and guide the development of targeted solutions.",Requirement: REQ-06,A deep dive into the data sources and infrastructure will provide visibility into what information is available and how it is currently being analyzed to identify opportunities to better leverage existing data.,2,partially_answered,2025-05-16 11:08:14,2025-05-16 11:15:04
24,1,,"Beyond the currently tracked KPIs, what specific business questions or use cases are difficult or impossible to address with the current data infrastructure and analysis capabilities? What data transformations or enrichments would be necessary to enable these use cases, and what is the estimated business value of addressing them? Please prioritize these use cases based on their potential impact and feasibility.",Understanding unmet business needs and potential use cases is crucial for ensuring that the modernization effort delivers tangible business value. This question encourages stakeholders to think beyond the status quo and identify opportunities to leverage data more effectively. The responses will guide the development of new data analysis capabilities and ensure alignment with business objectives.,Requirement: REQ-06,A deep dive into the data sources and infrastructure will provide visibility into what information is available and how it is currently being analyzed to identify opportunities to better leverage existing data.,2,unanswered,2025-05-16 11:08:14,2025-05-16 11:08:14
25,1,,"To define the data ingestion scope, could you provide a detailed list of the specific source systems, including technology (e.g., Oracle 19c, REST API with OAuth 2.0, AWS S3), data formats (e.g., JSON, CSV, Parquet), and connection methods Flowmart will be utilizing?","Understanding the precise source systems, their technical specifications, and data formats is critical for determining the complexity of data extraction, transformation, and loading (ETL) processes. This impacts technology choices, development effort, and potential integration challenges.",Requirement: REQ-07,Build High level source to target mapping and flow,1,unanswered,2025-05-16 11:08:14,2025-05-16 11:08:14
26,1,,"For each target data store (e.g., Snowflake, Azure Data Lake Storage Gen2, Tableau Server), what are the expected data schemas, access control requirements, and performance expectations (e.g., latency, throughput)?","Detailed knowledge of the target data stores is essential for defining the necessary data transformations, ensuring data quality, and meeting performance SLAs. This information directly influences the design of the data pipeline and the selection of appropriate technologies.",Requirement: REQ-07,Build High level source to target mapping and flow,1,unanswered,2025-05-16 11:08:14,2025-05-16 11:08:14
27,1,,"What are the data sensitivity classifications for each source and target system? What specific data security and compliance requirements (e.g., GDPR, CCPA, HIPAA) must be enforced at each stage of the data flow, including encryption (at rest and in transit), masking, and auditing?",Data security and compliance are paramount. Understanding the data sensitivity levels and applicable regulations will ensure that appropriate security measures are implemented throughout the data pipeline to protect sensitive information and maintain compliance.,Requirement: REQ-07,Build High level source to target mapping and flow,2,unanswered,2025-05-16 11:08:14,2025-05-16 11:08:14
28,1,,"What existing data integration platforms, ETL tools, or data services are currently in use within Flowmart, and what are their capabilities and limitations? Are there established data governance policies or standards that must be adhered to during the source-to-target mapping and data flow design?","Leveraging existing infrastructure and adhering to established governance policies can significantly reduce development time, costs, and potential conflicts. Understanding the current data landscape is essential for efficient and compliant integration.",Requirement: REQ-07,Build High level source to target mapping and flow,2,unanswered,2025-05-16 11:08:14,2025-05-16 11:08:14
29,1,,"Please provide a detailed architectural diagram and supporting documentation illustrating the current data platform, including data sources, ingestion mechanisms (e.g., CDC, batch), storage technologies (e.g., data lake, data warehouse, relational databases), processing engines (e.g., Spark, Flink, SQL), and consumption layers (e.g., BI tools, APIs). Focus on data flows, technology versions, and key configurations.","A comprehensive understanding of the current data platform architecture is crucial for identifying potential bottlenecks, areas for optimization, and compatibility issues. The documentation will help assess the existing environment and plan the evaluation process.",Requirement: REQ-08,Review and evaluate the current data platform architecture.,1,unanswered,2025-05-16 11:08:14,2025-05-16 11:08:14
30,1,,"What specific, measurable KPIs are used to monitor the data platform's performance (e.g., query latency, data ingestion throughput, data quality metrics, system uptime, resource utilization)? What are the current performance targets and how frequently are they measured and reported?","Understanding the current KPIs and performance targets will help us evaluate the platform's efficiency and identify areas for improvement, allowing us to quantify the impact of potential changes.",Requirement: REQ-08,Review and evaluate the current data platform architecture.,2,unanswered,2025-05-16 11:08:14,2025-05-16 11:08:14
31,1,,"From a technical perspective, what are the most significant limitations or pain points of the current data platform related to scalability, performance, data quality, integration, security, or operational maintainability? Can you provide specific examples or incident reports to illustrate these challenges?",Identifying technical challenges helps focus the evaluation on areas that require the most attention. Specific examples will provide concrete evidence to support the assessment.,Requirement: REQ-08,Review and evaluate the current data platform architecture.,1,unanswered,2025-05-16 11:08:14,2025-05-16 11:08:14
32,1,,"Describe the data governance policies and processes in place, including data lineage tracking, data quality checks, data access controls, and data retention policies. What tools and technologies are used to enforce these policies, and what are the key metrics used to measure the effectiveness of the governance program?","Understanding the current governance framework and its effectiveness is crucial for ensuring data integrity, compliance, and security. It is important to know not only the policies but also how they are practically implemented and measured.",Requirement: REQ-08,Review and evaluate the current data platform architecture.,2,unanswered,2025-05-16 11:08:14,2025-05-16 11:08:14
33,1,,"For each master data source (identified per REQ-09), please provide a technical specification including: data format (schema definition if applicable), supported access methods (API endpoints, database connection strings, file share details), data update frequency (including peak load times), and contact information for the data source owner.","This comprehensive technical specification is crucial for designing the data integration solution. It ensures compatibility, defines data ingestion methods, and provides a point of contact for issue resolution. This information is needed to evaluate the integration complexity and resource allocation.",Requirement: REQ-09,Define how it will interact with master data from different sources.,1,unanswered,2025-05-16 11:08:14,2025-05-16 11:08:14
34,1,,"What are the service level agreements (SLAs) for data freshness and availability for each master data source? What are the acceptable latency tolerances for data replication or synchronization across these sources? How will data conflicts be detected and resolved, considering potential source precedence rules or conflict resolution strategies?",Understanding the SLAs and latency requirements will directly influence the data integration architecture and technology choices. This also helps define conflict resolution mechanisms that are critical for data integrity and system stability.,Requirement: REQ-09,Define how it will interact with master data from different sources.,1,unanswered,2025-05-16 11:08:14,2025-05-16 11:08:14
35,1,,"Describe the existing data quality rules (e.g., data type validation, referential integrity constraints, acceptable value ranges) applied to each master data source. Detail the data quality monitoring and alerting mechanisms currently in place. How should the integrated solution handle data quality violations (e.g., rejection, cleansing, logging), and what reporting mechanisms are needed to track data quality metrics?","Ensuring data quality is critical. This question probes existing data quality measures, allowing for informed decisions on how to maintain and improve data quality during and after integration. Understanding existing monitoring will help define a comprehensive data quality strategy.",Requirement: REQ-09,Define how it will interact with master data from different sources.,2,unanswered,2025-05-16 11:08:14,2025-05-16 11:08:14
36,1,,"Considering the anticipated data product patterns (per REQ-11), what are the specific requirements for data transformation, enrichment, and aggregation needed from the master data? What metadata management capabilities (data lineage, data cataloging) are required to support these data products?","This question directly links the master data integration to the desired future-state architecture and data product strategy. It identifies the required data manipulation and metadata management capabilities, ensuring that the integration effort aligns with overall business goals and reporting needs.",Requirement: REQ-09,Define how it will interact with master data from different sources.,2,unanswered,2025-05-16 11:08:14,2025-05-16 11:08:14
37,1,,"To ensure the modernized platform meets anticipated data demands, can you provide quantifiable metrics for data growth across the following dimensions: ingestion rate (average and peak), data volume (total and per dataset), concurrent user count (average and peak), and query complexity (e.g., average query execution time)?","Concrete scalability targets are crucial for designing the architecture, selecting appropriate technologies, and sizing infrastructure. These metrics will inform capacity planning and performance testing strategies.",Requirement: REQ-10,"Guiding Principles such as scalability, security, interoperability, and user experience (for consumers of data).",1,unanswered,2025-05-16 11:08:14,2025-05-16 11:08:14
38,1,,"What specific industry regulations (e.g., HIPAA, GDPR, CCPA, PCI DSS) and internal security policies govern the data processed by the platform? Please detail specific requirements related to data encryption (at rest and in transit), access control, auditing, and data residency. Additionally, how are these requirements currently enforced, and what are the known gaps?","Understanding compliance requirements is paramount. Knowing the specific requirements upfront allows us to build a robust security architecture, select appropriate technologies, and implement necessary security controls. Understanding existing gaps allows us to prioritize remediation.",Requirement: REQ-10,"Guiding Principles such as scalability, security, interoperability, and user experience (for consumers of data).",1,unanswered,2025-05-16 11:08:14,2025-05-16 11:08:14
39,1,,"Detail the critical integration points with internal systems and external data sources, specifying for each: data format (e.g., JSON, XML, CSV, Parquet), communication protocol (e.g., REST, gRPC, Kafka), API specifications (if applicable), data transformation requirements (including data cleansing and masking), and any existing data quality issues.","Understanding the integration landscape is critical for designing efficient interfaces and data transformation processes. A clear understanding of data formats, protocols, and APIs is essential for ensuring seamless interoperability.",Requirement: REQ-10,"Guiding Principles such as scalability, security, interoperability, and user experience (for consumers of data).",2,unanswered,2025-05-16 11:08:14,2025-05-16 11:08:14
40,1,,"Identify the key user personas who will consume data from the modernized platform. For each persona, specify their primary use cases, expected data access latency (e.g., real-time, near real-time, batch), preferred data access methods (e.g., SQL, API, dashboards), and any specific data quality requirements (e.g., completeness, accuracy, timeliness). How will user satisfaction be measured and monitored?","Understanding the target users and their needs will guide the design of data access patterns, APIs, and data quality measures. This is crucial for user adoption and business value realization. Identifying metrics for user satisfaction will allow for continuous improvement.",Requirement: REQ-10,"Guiding Principles such as scalability, security, interoperability, and user experience (for consumers of data).",2,unanswered,2025-05-16 11:08:14,2025-05-16 11:08:14
41,1,,"For the event-based architecture, can you specify the event sources, their respective event schemas (including data types and mandatory fields), and the expected event volume (events per second/minute/hour) for each source?","Understanding event schemas, sources, and volumes is critical for selecting appropriate event processing technologies, designing efficient data pipelines, and estimating infrastructure needs. This question targets specifics needed for capacity planning and schema design.",Requirement: REQ-11,Reference Architecture with focus on event based and data products architecture.,1,unanswered,2025-05-16 11:08:14,2025-05-16 11:08:14
42,1,,"Regarding data products, please provide a detailed description of each intended data product, including: 1) its purpose and target audience; 2) the required data latency (real-time, near real-time, batch); 3) the data refresh frequency; and 4) the expected query patterns and data volume per query.","This information is crucial for defining the data architecture, selecting appropriate storage technologies, optimizing query performance, and ensuring data products meet user needs. The question probes the necessary detail for optimizing data delivery and product usability.",Requirement: REQ-11,Reference Architecture with focus on event based and data products architecture.,1,unanswered,2025-05-16 11:08:14,2025-05-16 11:08:14
43,1,,"What are the key non-functional requirements (NFRs) for both the event-based and data product architectures, specifically concerning: 1) end-to-end latency; 2) throughput/scalability (transactions per second, data volume processed per hour); 3) availability (uptime percentage, recovery time objective); 4) data durability; and 5) security (authentication, authorization, data encryption)?  Please provide target values or acceptable ranges for each NFR.","Precise NFRs drive critical architectural decisions, including technology selection, infrastructure design, and implementation strategies. Understanding concrete target values ensures the architecture meets performance, reliability, and security needs. It also highlights potential trade-offs.",Requirement: REQ-11,Reference Architecture with focus on event based and data products architecture.,1,unanswered,2025-05-16 11:08:14,2025-05-16 11:08:14
44,1,,"What are the specific integration requirements for the event-based and data product architectures with existing systems? For each integration point, please specify the system's API specifications (if available), the data exchange format (e.g., JSON, Avro, Protobuf), the transport protocol (e.g., REST, gRPC, Kafka), and any authentication/authorization mechanisms required. Also, what level of data transformation or enrichment is anticipated during integration?","Understanding integration complexities and dependencies is essential for planning the integration efforts, selecting appropriate integration patterns, and mitigating risks. The question prompts detail on specific integration points and challenges.",Requirement: REQ-11,Reference Architecture with focus on event based and data products architecture.,2,unanswered,2025-05-16 11:08:14,2025-05-16 11:08:14
45,1,,"Define the required data governance policies and data quality standards for both the event-based and data product architectures. Specifically, address: 1) data lineage tracking requirements (granularity and retention); 2) data quality monitoring and alerting mechanisms; 3) Personally Identifiable Information (PII) masking and anonymization requirements; and 4) data retention policies.","Data governance and quality are critical for ensuring trust and compliance. This question helps determine the necessary architectural components for managing data quality, security, and compliance requirements throughout the data lifecycle.",Requirement: REQ-11,Reference Architecture with focus on event based and data products architecture.,2,unanswered,2025-05-16 11:08:14,2025-05-16 11:08:14
46,1,,"To proactively address potential challenges and optimize the modernized application, can you elaborate on specific, quantifiable pain points or performance bottlenecks Travelers is currently experiencing across the Well-Architected pillars (Performance Efficiency, Security, Operational Excellence, Reliability, Cost Optimization/FinOps, Sustainability)? Please provide relevant metrics or data points to illustrate these issues.","This question aims to uncover specific, quantifiable issues hindering the current application's performance across all Well-Architected pillars. Understanding these limitations allows us to focus the modernization effort on solving tangible problems with measurable improvements. Requesting data ensures actionable insights.",Requirement: REQ-12,"Application of Well Architected Guidelines and Principles (Performance Efficiency, Security, Operational Excellence, Reliability, Cost Optimization/FinOps, Sustainability).",1,partially_answered,2025-05-16 11:08:14,2025-05-16 11:14:15
47,1,,"What are the mandatory security and compliance requirements (e.g., PCI DSS, HIPAA, GDPR, internal policies) that the modernized application *must* adhere to, and what existing security tools and processes (e.g., vulnerability scanning, penetration testing, SIEM) must be integrated with or leveraged?",This question is critical to ensuring the modernized application meets all necessary security and compliance standards. Understanding the specific requirements early allows us to build security into the design from the outset and avoid costly rework later. Specifying integration with existing tools is also key.,Requirement: REQ-12,"Application of Well Architected Guidelines and Principles (Performance Efficiency, Security, Operational Excellence, Reliability, Cost Optimization/FinOps, Sustainability).",1,partially_answered,2025-05-16 11:08:14,2025-05-16 11:14:19
48,1,,"Given the emphasis on event-based architecture and mapping design patterns to runtime products, what existing event schemas, message queues (e.g., Kafka, RabbitMQ), and event processing platforms (e.g., Flink, Spark Streaming) are currently utilized within Travelers? Additionally, what are the preferred or mandated runtime environments (e.g., Kubernetes, serverless platforms like AWS Lambda), associated tooling (e.g., Prometheus, Grafana, ELK stack), and pre-approved technology stacks for the modernized application?","This question combines elements from the original questions to provide a comprehensive view of Travelers' existing and preferred technology landscape related to event-based architecture and runtime environments. Understanding these preferences is crucial for ensuring interoperability, leveraging existing investments, and adhering to enterprise standards, impacting both performance and cost.",Requirement: REQ-12,"Application of Well Architected Guidelines and Principles (Performance Efficiency, Security, Operational Excellence, Reliability, Cost Optimization/FinOps, Sustainability).",2,unanswered,2025-05-16 11:08:14,2025-05-16 11:08:14
49,1,,"Which specific architectural components or domains within the Reference Architecture should be prioritized for design pattern decomposition, considering both business criticality and potential for technical improvement (e.g., scalability, performance, resilience)? Please provide specific examples and the rationale for their selection.","Identifies high-impact areas for applying design patterns based on business needs and technical opportunities, facilitating efficient resource allocation.",Requirement: REQ-13,Decompose Reference Architecture into design patterns.,1,unanswered,2025-05-16 11:08:14,2025-05-16 11:08:14
50,1,,"What level of abstraction is required for the design pattern catalog? Should the focus be on high-level architectural patterns (e.g., Microservices, Event-Driven Architecture) or more granular implementation patterns (e.g., Saga, CQRS, Observer)? How should patterns be categorized and tagged to facilitate discovery and reuse?","Defines the scope and granularity of the design pattern catalog, ensuring it meets the needs of different stakeholders and promotes discoverability.",Requirement: REQ-13,Decompose Reference Architecture into design patterns.,1,unanswered,2025-05-16 11:08:14,2025-05-16 11:08:14
51,1,,"What metadata and documentation standards are required for each design pattern? Should we use a specific template, include UML diagrams or other visualizations, document trade-offs, and map patterns to specific technologies within the Travelers' ecosystem? What is the process for reviewing and approving new design patterns?","Ensures consistent, comprehensive, and actionable documentation of design patterns, facilitating adoption and maintainability. Defines governance around the design pattern catalog.",Requirement: REQ-13,Decompose Reference Architecture into design patterns.,2,unanswered,2025-05-16 11:08:14,2025-05-16 11:08:14
52,1,,"Given Travelers' Well-Architected principles (e.g., Performance Efficiency, Security, Reliability), what specific weighting or guidance should be applied when evaluating design pattern candidates? Are there specific non-functional requirements or organizational constraints that should influence pattern selection and implementation within the existing Travelers' infrastructure and technology stack?","Provides a framework for evaluating and selecting design patterns based on Travelers' specific architectural principles and constraints, ensuring alignment with organizational goals.",Requirement: REQ-13,Decompose Reference Architecture into design patterns.,2,unanswered,2025-05-16 11:08:14,2025-05-16 11:08:14
53,1,,"To ensure alignment with Travelers' technology standards, can you provide a curated list of approved and preferred runtime environments, platforms (e.g., specific versions of Kubernetes, .NET, JVM), and tooling (e.g., application servers, message queues, API gateways) relevant to modernizing applications using design patterns? Please also specify any associated configuration or governance constraints for each.","Understanding Travelers' approved technology stack and associated constraints is crucial for selecting appropriate runtime environments and tools when mapping design patterns, minimizing the risk of non-compliance and rework. Focus on specifics, not general categories.",Requirement: REQ-14,Map design patterns to appropriate run time products and tools.,1,unanswered,2025-05-16 11:08:14,2025-05-16 11:08:14
54,1,,"What specific resources or documentation exist that define Travelers' Reference Architecture and associated architectural principles, preferred design pattern catalogs (e.g., GoF, Enterprise Integration Patterns), and any custom or mandated design patterns? This will help ensure adherence to existing guidelines and promote consistency in application design.",Understanding the existing Reference Architecture and design pattern guidelines is essential for selecting appropriate patterns and their implementation using approved runtimes and tools. It will ensure consistency and reduce the risk of deviations.,Requirement: REQ-14,Map design patterns to appropriate run time products and tools.,1,partially_answered,2025-05-16 11:08:14,2025-05-16 11:14:24
55,1,,"Beyond general architectural considerations, what specific non-functional requirements (e.g., security compliance mandates, performance SLAs - response time, throughput, scalability targets - concurrent users, data volume) are most critical for this project? Understanding these will heavily influence the mapping of design patterns to appropriate runtime products and tools.",This ensures the chosen runtime products and tools are suitable for the specific non-functional requirements of the project.,Requirement: REQ-14,Map design patterns to appropriate run time products and tools.,2,unanswered,2025-05-16 11:08:14,2025-05-16 11:08:14
56,1,,"What are the top 3-5 business capabilities Travelers aims to enhance or enable through this data initiative, and what specific, measurable metrics will demonstrate the success of data utilization in achieving these business outcomes?",Understanding the target business capabilities and associated success metrics is crucial for aligning the data strategy and architecture to deliver tangible business value. This allows us to prioritize data initiatives that have the greatest impact on Travelers' strategic goals.  Targeting measurable metrics ensures we can demonstrate ROI.,Requirement: REQ-15,"Data Strategy, Data Architecture, Modeling and Mapping.",1,partially_answered,2025-05-16 11:08:14,2025-05-16 11:14:28
57,1,,"Considering current and future data needs (e.g., reporting, analytics, AI/ML), what are the key data domains in scope, and for each domain, can you provide details on representative data sources (internal and external), data types, anticipated data volume (terabytes), velocity (transactions per second), and data quality expectations (e.g., completeness, accuracy)?","This question helps to define the technical scope of the data modeling and architecture activities. Understanding the data characteristics (volume, velocity, variety, veracity) is critical for designing a scalable and performant data platform that meets Travelers' current and future needs.",Requirement: REQ-15,"Data Strategy, Data Architecture, Modeling and Mapping.",1,unanswered,2025-05-16 11:08:14,2025-05-16 11:08:14
58,1,,"What are Travelers' existing data architecture standards and preferred patterns (e.g., data lake, data warehouse, data mesh, lakehouse) for each of the targeted data domains, including any specific technology preferences or constraints (e.g., cloud provider, database technologies)?  What enterprise data models or canonical schemas exist and how will they be incorporated?","Understanding Travelers' existing data architecture landscape and preferences is crucial for ensuring compatibility and avoiding unnecessary rework. Knowing the technology constraints upfront allows us to design a solution that aligns with Travelers' IT strategy.  Also, understanding the existing enterprise data models ensures consistency and avoids re-inventing the wheel.",Requirement: REQ-15,"Data Strategy, Data Architecture, Modeling and Mapping.",1,unanswered,2025-05-16 11:08:14,2025-05-16 11:08:14
59,1,,"What specific data security and compliance regulations (e.g., GDPR, CCPA, HIPAA, state privacy laws) apply to the data in scope?  What are Travelers' established data governance policies and procedures, especially regarding data access control, data masking, and data retention, and how will they be enforced in the proposed data architecture?",Understanding the regulatory landscape and Travelers' data governance policies is essential for ensuring compliance and protecting sensitive data. This question ensures that security and compliance are built into the data strategy and architecture from the outset.,Requirement: REQ-15,"Data Strategy, Data Architecture, Modeling and Mapping.",2,unanswered,2025-05-16 11:08:14,2025-05-16 11:08:14
60,1,,"If a phased data migration or pilot program is planned, what are the critical success factors and key performance indicators (KPIs) for each phase, focusing on data quality, system performance, and user adoption? What specific criteria will be used to evaluate the success of each phase and determine readiness for subsequent phases or full-scale deployment, focusing on quantifiable metrics?","Establishing clear success criteria and KPIs for a phased rollout is crucial for risk mitigation and ensuring a smooth transition. This helps to track progress, identify potential issues early on, and make informed decisions about moving to the next phase. Quantifiable metrics are essential for objective evaluation.",Requirement: REQ-15,"Data Strategy, Data Architecture, Modeling and Mapping.",2,unanswered,2025-05-16 11:08:14,2025-05-16 11:08:14
61,1,,"Can you provide a comprehensive list, categorized by functional area (e.g., data storage, API management, UI framework), of Travelers-approved products, platforms, and tools permissible for use in this modernization project? Please include version numbers and relevant support lifecycles for each item.",This is critical for selecting appropriate technologies and avoiding rework. Knowing version numbers and support lifecycles upfront ensures long-term maintainability and compliance with Travelers' IT standards. A categorized list will aid in efficient decision-making across different functional areas of the project.,Requirement: REQ-16,"Technology Stack Fitment consistent with Travelers approved products, platforms and tools.",1,unanswered,2025-05-16 11:08:14,2025-05-16 11:08:14
62,1,,"What specific Travelers Enterprise Architecture (EA) guidelines, reference architectures, and integration patterns govern technology stack selection for modernization projects? Where can these resources be accessed, and how do we ensure adherence is documented throughout the project lifecycle?",Understanding and adhering to Travelers' EA standards is paramount. This question aims to identify the relevant documentation and processes required for compliance. Documenting adherence ensures auditability and reduces the risk of non-compliance penalties. Integration patterns are key to interoperability with existing Travelers systems.,Requirement: REQ-16,"Technology Stack Fitment consistent with Travelers approved products, platforms and tools.",1,partially_answered,2025-05-16 11:08:14,2025-05-16 11:14:39
63,1,,"What are the specific performance benchmarks, scalability requirements, security standards (e.g., OWASP, NIST), and compliance requirements (e.g., PII, PCI) that the proposed technology stack must meet? How will these criteria be measured and validated during the evaluation and approval process, and what tools or methodologies are preferred by Travelers IT?",This question focuses on defining concrete and measurable criteria for evaluating the fitment of the proposed technology stack. Understanding the validation process and preferred tools upfront will significantly streamline the approval process and minimize potential roadblocks. Including specific compliance requirements ensures data security and legal adherence.,Requirement: REQ-16,"Technology Stack Fitment consistent with Travelers approved products, platforms and tools.",2,unanswered,2025-05-16 11:08:14,2025-05-16 11:08:14
64,1,,"Given the focus on data strategy, what Travelers-approved data platforms, tools, and data governance policies are mandatory for data storage, processing, integration, modeling, and mapping?  What are the specific interface and API standards that must be supported for data exchange with existing Travelers systems?",This question clarifies the constraints imposed by the existing Travelers data ecosystem and helps ensure seamless data integration. Knowing the mandatory tools and governance policies prevents the selection of incompatible technologies. Understanding interface and API standards is crucial for interoperability and data consistency.,Requirement: REQ-16,"Technology Stack Fitment consistent with Travelers approved products, platforms and tools.",2,unanswered,2025-05-16 11:08:14,2025-05-16 11:08:14
65,1,,"For each data source in scope (identified in REQ-17), please provide a detailed data inventory, including: a) Data volume (rows, GB); b) Data structure (schemas, data types); c) Data quality metrics (null counts, completeness, accuracy); d) Data sensitivity classification (PII, PHI); e) Data retention policies.","A comprehensive data inventory is crucial for planning the migration, selecting appropriate tools, estimating effort, and ensuring compliance. This level of detail will inform the data profiling, cleansing, transformation, and validation strategies.",Requirement: REQ-17,Data Migration Approach with potentially a phased migration that includes a pilot/test environment before full-scale deployment.,1,unanswered,2025-05-16 11:08:14,2025-05-16 11:08:14
66,1,,"What are the specific, measurable acceptance criteria for data quality post-migration, including: a) acceptable error rates; b) reconciliation methods; c) key data validation rules; d) data completeness targets? How will discrepancies be handled and remediated?",Clearly defined and measurable acceptance criteria are essential for validating the success of the migration. This helps ensure data integrity and prevents issues in downstream systems. Understanding remediation processes is crucial for resolving data quality issues efficiently.,Requirement: REQ-17,Data Migration Approach with potentially a phased migration that includes a pilot/test environment before full-scale deployment.,1,unanswered,2025-05-16 11:08:14,2025-05-16 11:08:14
67,1,,"Regarding the phased migration approach, what criteria will be used to select the pilot/test dataset (e.g., specific business units, data subsets, transaction types) to ensure comprehensive testing of the migration process? What is the defined exit criteria for the pilot phase and how will the success be measured (e.g., specific metrics, testing results, user acceptance)?",Specifying the pilot dataset selection criteria and exit criteria allows us to properly scope the pilot phase and ensure a successful migration to production. Understanding how success is measured is critical for validating the pilot results.,Requirement: REQ-17,Data Migration Approach with potentially a phased migration that includes a pilot/test environment before full-scale deployment.,2,unanswered,2025-05-16 11:08:14,2025-05-16 11:08:14
68,1,,"Considering Travelers' approved technology stack, are there any specific ETL tools, data validation tools, or migration frameworks that are preferred or mandated for use in this data migration project? If so, please provide relevant documentation and configuration guidelines.",Leveraging Travelers' existing and approved tools minimizes risk and promotes consistency. Clear guidelines enable efficient implementation and reduce the learning curve.,Requirement: REQ-17,Data Migration Approach with potentially a phased migration that includes a pilot/test environment before full-scale deployment.,1,unanswered,2025-05-16 11:08:14,2025-05-16 11:08:14
69,1,,"Please provide the current, version-controlled documentation for Travelers' High-Level Future State Architecture, including relevant addenda for Data, Security, and Integration domains. Who are the designated points of contact within the Travelers IT Architecture team for these domains?",Ensures Flowmart aligns with the latest architectural standards and facilitates efficient communication with the appropriate domain experts at Travelers.,Requirement: REQ-18,High Level Future State Architecture approved by Travelers IT,1,unanswered,2025-05-16 11:08:14,2025-05-16 11:08:14
70,1,,"Can you provide a matrix or repository link detailing the preferred and supported technology stack for each architectural layer (presentation, application, data, integration) within Travelers IT? Include versioning guidelines and end-of-life dates where applicable.",Crucial for ensuring technology stack compatibility and long-term maintainability of the Flowmart solution within the Travelers IT landscape. Understanding versioning and end-of-life dates is vital for future planning.,Requirement: REQ-18,High Level Future State Architecture approved by Travelers IT,1,unanswered,2025-05-16 11:08:14,2025-05-16 11:08:14
71,1,,"What specific architectural review boards or governance bodies within Travelers IT will assess the Flowmart future state architecture? Please detail the submission process, required documentation templates, and expected turnaround times for each review gate.","Provides clarity on the architectural review process, enabling Flowmart to prepare comprehensive documentation and manage expectations regarding approval timelines.",Requirement: REQ-18,High Level Future State Architecture approved by Travelers IT,2,unanswered,2025-05-16 11:08:14,2025-05-16 11:08:14
72,1,,"What specific tools and technologies are under consideration for each phase of the modernization (e.g., assessment, migration, deployment, monitoring)? For each tool, please detail the licensing model (e.g., perpetual, subscription, consumption-based), estimated infrastructure requirements (e.g., compute, storage, network), and ongoing support costs. Provide a breakdown of these costs for both on-premise and cloud-based deployment options.","This question aims to capture a comprehensive understanding of the tools and technologies involved, including their cost implications across different deployment models and phases of the project. The level of detail ensures accurate cost estimation.",Requirement: REQ-19,"High-level cost ROM estimate for implementation, including Tools and technologies",1,unanswered,2025-05-16 11:08:14,2025-05-16 11:08:14
73,1,,"Given the requirement for a Rough Order of Magnitude (ROM) estimate, what is the acceptable percentage range of variance (+/- %) and confidence level (%) desired for the final estimate? Also, what internal or external data sources (e.g., historical project data, vendor quotes, market research) are considered most reliable and relevant for this specific modernization effort?","This question clarifies the expected accuracy of the ROM estimate and identifies the preferred data sources, ensuring the estimate is realistic and based on sound data. It addresses potential disagreements on the definition of a 'Rough Order of Magnitude'.",Requirement: REQ-19,"High-level cost ROM estimate for implementation, including Tools and technologies",1,unanswered,2025-05-16 11:08:14,2025-05-16 11:08:14
74,1,,"How will the data migration approach (phased with pilot/test environment) impact the overall cost? Specifically, what are the estimated costs associated with setting up and maintaining the pilot/test environments (including infrastructure, personnel, and tooling)? What is the anticipated data volume (in TB) and complexity (number of tables, relationships, data transformations) for the migration, and how will this impact the migration effort and associated costs?","This question delves into the cost implications of the chosen data migration strategy, considering both the overhead of the pilot environment and the effort required for migrating the data itself. Understanding the data volume and complexity is crucial for accurate estimation.",Requirement: REQ-19,"High-level cost ROM estimate for implementation, including Tools and technologies",2,unanswered,2025-05-16 11:08:14,2025-05-16 11:08:14
75,1,,"Considering the security requirements assessment for Flowmart, what specific security tools, technologies, and measures are being considered to address identified vulnerabilities and ensure compliance with relevant standards (e.g., GDPR, CCPA, PCI DSS)? What are the estimated costs for implementing and configuring these security measures, including costs related to any necessary security training for personnel?","This question addresses the financial impact of security requirements and compliance. It focuses on identifying specific security tools and technologies, as well as the associated implementation and training costs, for a comprehensive security posture.",Requirement: REQ-19,"High-level cost ROM estimate for implementation, including Tools and technologies",2,unanswered,2025-05-16 11:08:14,2025-05-16 11:08:14
76,1,,"For business flow mapping, what are the critical business processes in scope for REQ-20, and what level of granularity (e.g., activity diagrams, BPMN 2.0) is required for their documentation? Are there existing process models we can leverage?","Precisely defines the scope and required level of detail for business process mapping, ensuring efficient resource allocation and leveraging existing documentation to accelerate the effort. This targets the process owners and business analysts.",Requirement: REQ-20,"Current-state mapping of business flows, system integrations, data consumers, and technology architecture.",1,partially_answered,2025-05-16 11:08:14,2025-05-16 11:14:42
77,1,,"Regarding system integrations, what is the boundary for inclusion (e.g., only integrations directly supporting critical business processes)? Please provide a list of systems within this boundary, along with interface specifications (e.g., API documentation, message formats, data dictionaries) and relevant technical contacts.",Defines the scope of system integration mapping and requests specific technical details needed for accurate documentation. This targets the integration architects and technical leads.,Requirement: REQ-20,"Current-state mapping of business flows, system integrations, data consumers, and technology architecture.",1,partially_answered,2025-05-16 11:08:14,2025-05-16 11:14:46
78,1,,"Which data consumers rely on outputs from the scoped systems, and what are their specific data requirements (e.g., data formats, frequency, latency)? Are there existing data lineage diagrams or data catalogs we can utilize?",Identifies critical data dependencies and helps in understanding the potential impact of changes. Leverages existing documentation to streamline the process. Targets data architects and data governance teams.,Requirement: REQ-20,"Current-state mapping of business flows, system integrations, data consumers, and technology architecture.",2,partially_answered,2025-05-16 11:08:14,2025-05-16 11:15:08
79,1,,"To map the existing technology architecture, what architectural documentation is available (e.g., network diagrams, deployment diagrams, application architecture documents), and which enterprise architecture standards (e.g., security, data governance, performance) are applicable to this mapping exercise? Where can we find documentation on these standards?",Focuses on gathering existing architectural documentation and identifying relevant enterprise architecture standards. This speeds up the mapping process and ensures compliance. Targets enterprise architects and IT managers.,Requirement: REQ-20,"Current-state mapping of business flows, system integrations, data consumers, and technology architecture.",2,partially_answered,2025-05-16 11:08:14,2025-05-16 11:15:12
80,1,,"To ensure accurate alignment assessment, please provide a detailed enumeration of the 'Travelers' enterprise architecture standards relevant to this deliverable, specifying the standard's name, version, applicable domains (e.g., security, data, infrastructure), and a direct link to the official documentation.","Precise identification of relevant EA standards, including versioning and scope, is crucial for an accurate gap analysis and prevents ambiguity in compliance recommendations. This ensures the assessment aligns with Travelers' current architectural governance.",Requirement: REQ-21,"Report on alignment with enterprise standards, including gaps and recommendations for compliance.",1,partially_answered,2025-05-16 11:08:14,2025-05-16 11:14:51
81,1,,"What specific tooling or frameworks (e.g., ArchiMate, TOGAF-based tools, custom solutions) are currently mandated or preferred by Travelers for enterprise architecture assessment and reporting? If tooling is mandated, what level of integration (e.g., data import/export, API access) is required for this deliverable?","Understanding the existing tooling landscape ensures the deliverable is compatible, minimizes the learning curve, and facilitates ongoing maintainability within Travelers' established EA processes. Knowing the integration requirements is crucial for seamless data exchange and reporting.",Requirement: REQ-21,"Report on alignment with enterprise standards, including gaps and recommendations for compliance.",2,unanswered,2025-05-16 11:08:14,2025-05-16 11:08:14
82,1,,"For each identified gap, what specific information should be included in the report (e.g., impacted systems/processes, severity level, potential business impact, affected architectural principles)? Is a proposed remediation plan required for each gap, and if so, to what level of detail (e.g., high-level strategy, detailed implementation steps, cost estimates)?","This clarifies the expected scope and depth of the gap analysis, ensuring that the report focuses on providing actionable insights relevant to Travelers' strategic goals and risk management. Defining the required level of detail for remediation plans allows for efficient allocation of resources and prevents scope creep.",Requirement: REQ-21,"Report on alignment with enterprise standards, including gaps and recommendations for compliance.",1,unanswered,2025-05-16 11:08:14,2025-05-16 11:08:14
83,1,,"To facilitate access to current-state architecture information, can you confirm the authoritative source(s) (e.g., architecture repository, configuration management database, system documentation) for business flows, system integrations, and technology architecture? What type of access (e.g., read-only, API access, data export) will be granted, and what are the necessary security protocols?",Identifying and securing access to the correct data sources is essential for a thorough and accurate assessment. Understanding the access methods and security protocols ensures compliance with Travelers' internal policies and prevents project delays.,Requirement: REQ-21,"Report on alignment with enterprise standards, including gaps and recommendations for compliance.",1,unanswered,2025-05-16 11:08:14,2025-05-16 11:08:14
84,1,,"Specifically, which guiding principles (e.g., Travelers' internal principles) and well-architected framework pillars (e.g., AWS Well-Architected Framework's operational excellence, security, reliability, performance efficiency, cost optimization, and sustainability) are *most* critical for this high-level architecture? How will adherence to these be validated and measured? Please provide relevant documentation links.","This question clarifies the specific, prioritized standards the architecture must align with and establishes how conformance will be verified.  It's important to understand the specific pillars and principles to focus on during the design process and provides measurable validation criteria.",Requirement: REQ-22,High-level architecture adhering to guiding principles and well-architected frameworks.,1,unanswered,2025-05-16 11:08:14,2025-05-16 11:08:14
85,1,,"What architectural views (e.g., logical, deployment, security, data) and diagrams (e.g., component, sequence, activity) are required in the high-level architecture document? What level of detail is expected for each view, and what modeling notation (e.g., UML, ArchiMate) should be used?","This defines the structure and content of the architecture deliverable. Specifying views, diagrams, level of detail, and modeling notation ensures clarity, consistency, and avoids ambiguity, improving communication and facilitating review.",Requirement: REQ-22,High-level architecture adhering to guiding principles and well-architected frameworks.,1,unanswered,2025-05-16 11:08:14,2025-05-16 11:08:14
86,1,,"Considering the identified gaps and compliance issues from the current-state assessment, what specific remediation strategies must be incorporated into the future-state architecture, and how will the high-level architecture enable ongoing monitoring and enforcement of these compliance requirements?",This ensures the architecture proactively addresses existing issues and supports continuous compliance. This question focuses on how the architecture design facilitates monitoring and long-term adherence to compliance requirements.,Requirement: REQ-22,High-level architecture adhering to guiding principles and well-architected frameworks.,2,unanswered,2025-05-16 11:08:14,2025-05-16 11:08:14
87,1,,"Given the technology fitment report and considering non-functional requirements (e.g., security, scalability, performance, availability), what are the approved or preferred technology stacks for each component of the high-level architecture, and what technical debt or architectural constraints (e.g., existing infrastructure dependencies, skillset limitations) must be considered during design?",This integrates technology choices with constraints and non-functional requirements.  Understanding preferred technologies and limitations ensures a practical and implementable architecture that aligns with strategic goals and resource availability.,Requirement: REQ-22,High-level architecture adhering to guiding principles and well-architected frameworks.,2,unanswered,2025-05-16 11:08:14,2025-05-16 11:08:14
88,1,,"To ensure alignment with Travelers' Enterprise Architecture, can you please provide access to the relevant documentation specifying approved technology stacks, particularly focusing on guidelines for [specific technology area, e.g., cloud platforms, data warehousing, integration middleware]? What versioning and exception processes are in place regarding these standards?","This ensures the evaluation adheres to Travelers' established standards, preventing rework and ensuring alignment. Understanding versioning and exception processes is critical for navigating potential deviations.",Requirement: REQ-23,Evaluation of technology stack options and alignment with EA guidelines.,1,partially_answered,2025-05-16 11:08:14,2025-05-16 11:14:54
89,1,,"What are the critical non-functional requirements (NFRs) with defined target metrics (e.g., transactions per second, latency, uptime, security compliance level) for the modernized application? How will these NFRs be validated and measured post-implementation, and are there any existing performance benchmarks for similar applications within Travelers?",Understanding non-functional requirements with defined metrics is crucial for selecting a technology stack that can meet those needs and for establishing clear success criteria.,Requirement: REQ-23,Evaluation of technology stack options and alignment with EA guidelines.,1,unanswered,2025-05-16 11:08:14,2025-05-16 11:08:14
90,1,,"What are Travelers' preferred integration patterns (e.g., APIs, message queues, event-driven architectures) and technologies (e.g., specific ESB, API gateway, messaging platform versions) for connecting to existing [specific system names or categories of systems]? Are there any pre-built connectors or integration services available that we should leverage?","Knowing the preferred integration methods and technologies will constrain the possible technology stack options, ensure smooth integration, and leverage existing investments. Identifying available connectors and services will expedite the integration process.",Requirement: REQ-23,Evaluation of technology stack options and alignment with EA guidelines.,2,unanswered,2025-05-16 11:08:14,2025-05-16 11:08:14
91,1,,"Beyond initial cost, what are the key total cost of ownership (TCO) factors Travelers considers when evaluating technology stack options, specifically regarding [mention specific cost drivers, e.g., licensing models, operational overhead, skills availability, training requirements, security compliance costs]? Are there existing Travelers-specific cost models or tools that can be used for RoM estimation?","Ensuring all relevant cost factors are considered for realistic RoM estimates, encompassing the full lifecycle of the technology stack.",Requirement: REQ-23,Evaluation of technology stack options and alignment with EA guidelines.,3,unanswered,2025-05-16 11:08:14,2025-05-16 11:08:14
92,1,,"What is the acceptable variance (e.g., +/- X%) for the RoM estimates for budget, resources, and timelines? Furthermore, what confidence level is required for these estimates?","Understanding the acceptable variance and required confidence level will guide the selection of appropriate estimation techniques and the level of effort required for data gathering and analysis. This ensures the RoM is fit for purpose and manages expectations regarding potential budget or schedule variations. This will help define if we need to use techniques like 3-point estimating, etc.",Requirement: REQ-24,"Rough Order of Magnitude (RoM) estimates for budget, resources, and timelines.",1,unanswered,2025-05-16 11:08:14,2025-05-16 11:08:14
93,1,,"For resource estimation, should we include only Yash Technologies personnel, or are we also responsible for estimating the effort required from Travelers' personnel for activities such as reviews, approvals, UAT, and knowledge transfer?","Specifying the scope of resource estimation is crucial for accurate project costing and resource planning. Clarifying this early will prevent underestimation of the overall project effort and associated costs. Additionally, should we use standard rates for Travelers personnel or are we expected to determine level of effort only?",Requirement: REQ-24,"Rough Order of Magnitude (RoM) estimates for budget, resources, and timelines.",1,unanswered,2025-05-16 11:08:14,2025-05-16 11:08:14
94,1,,"Given the dependency of the RoM on the 'Evaluation of technology stack options' and 'High-level architecture' deliverables, what are the preferred technology stacks and architectural patterns (e.g., cloud-native, microservices, specific vendors) that we should assume for the RoM estimation purposes? Are there any budget constraints on the tooling or technologies that must be factored in?","To create a meaningful RoM, we need guidance on the likely technology choices and architectural direction. Understanding these constraints and preferences enables us to provide a more realistic and relevant cost and effort estimate and avoids the need for significant rework later based on a different tech stack. This will allow us to make informed assumptions that provide a more accurate forecast. ",Requirement: REQ-24,"Rough Order of Magnitude (RoM) estimates for budget, resources, and timelines.",2,unanswered,2025-05-16 11:08:14,2025-05-16 11:08:14
95,1,,"Are there any known milestones or external factors (e.g., regulatory deadlines, other parallel projects within Travelers) that could significantly impact the project timeline? How should we factor in potential delays arising from these dependencies in the RoM?",Identifying key milestones and potential external dependencies is essential for creating a realistic project timeline. Understanding their potential impact allows us to proactively factor in contingency buffers and risks into the RoM. This ensures a more robust and achievable timeline.,Requirement: REQ-24,"Rough Order of Magnitude (RoM) estimates for budget, resources, and timelines.",3,unanswered,2025-05-16 11:08:14,2025-05-16 11:08:14
96,1,,"To ensure a comprehensive assessment, can you provide a detailed inventory of all systems, platforms, and technologies currently utilized within each pillar (Data Architecture, Data Consumption, Data Catalog, Data Ingestion, Prescriptive Analytics, and Cloud Infrastructure)? For each entry, specify the vendor, version, purpose, and key dependencies.","This question is crucial for establishing a complete baseline of the 'As-Is' landscape. Capturing vendor, version, purpose, and dependencies allows for a deeper understanding of potential integration challenges and upgrade paths. Missing this information could lead to an incomplete or inaccurate assessment.",Requirement: REQ-25,"Preparation of As-Is Tech. Landscape including Capabilities assessment across all pillars including Data Architecture, Data Consumption Layers, Catalog, Ingestion, Prescriptive Analytics, Cloud Maturity, and the respective prioritization",1,unanswered,2025-05-16 11:08:14,2025-05-16 11:08:14
97,1,,"What specific capability maturity models or industry standards (e.g., DAMA-DMBOK, CMMI, cloud provider-specific frameworks like AWS CAF or Azure Cloud Adoption Framework) are preferred or mandated for assessing the current state capabilities across each pillar? Please indicate the desired level of granularity for the assessment results (e.g., capability level, sub-capability level).",This question aims to ensure a consistent and comparable assessment across all pillars. Knowing the preferred maturity models and the required level of detail will guide the assessment methodology and ensure alignment with enterprise standards. This is essential for creating actionable recommendations.,Requirement: REQ-25,"Preparation of As-Is Tech. Landscape including Capabilities assessment across all pillars including Data Architecture, Data Consumption Layers, Catalog, Ingestion, Prescriptive Analytics, Cloud Maturity, and the respective prioritization",1,unanswered,2025-05-16 11:08:14,2025-05-16 11:08:14
98,1,,"Who is the primary stakeholder responsible for prioritizing capability improvements within each pillar, and what are the specific, measurable, achievable, relevant, and time-bound (SMART) criteria that will be used to rank these improvements? Please provide concrete examples of these criteria.","This clarifies the decision-making process for prioritization and ensures alignment with business needs and constraints. It moves beyond general criteria to establish concrete and measurable metrics, improving the likelihood of successful implementation and impact measurement.",Requirement: REQ-25,"Preparation of As-Is Tech. Landscape including Capabilities assessment across all pillars including Data Architecture, Data Consumption Layers, Catalog, Ingestion, Prescriptive Analytics, Cloud Maturity, and the respective prioritization",1,unanswered,2025-05-16 11:08:14,2025-05-16 11:08:14
99,1,,"Regarding cloud maturity, beyond a general cloud-first strategy, are there specific architectural guidelines, preferred cloud providers (AWS, Azure, GCP), or technology stacks that should be considered during the 'As-Is' assessment? Also, what non-functional requirements (e.g., security, compliance, cost optimization, scalability) are considered critical for the future state cloud architecture and should be prioritized during the assessment?","This question clarifies the specific cloud strategy and ensures the assessment aligns with it. Understanding the architectural guidelines, cloud provider preferences, technology constraints and critical non-functional requirements is vital for accurate assessment and targeted recommendations.",Requirement: REQ-25,"Preparation of As-Is Tech. Landscape including Capabilities assessment across all pillars including Data Architecture, Data Consumption Layers, Catalog, Ingestion, Prescriptive Analytics, Cloud Maturity, and the respective prioritization",2,unanswered,2025-05-16 11:08:14,2025-05-16 11:08:14
100,1,,"To inform the level of effort for our analysis, can you define the expected deliverables regarding data source documentation? Specifically, do we need to produce detailed data dictionaries (including data types, constraints, and relationships), data quality reports (addressing completeness, accuracy, consistency, and timeliness), or simply a catalog of data source names, locations, and responsible teams?",Understanding the required depth of data source analysis directly impacts the resources and time allocated. Knowing the specific deliverables expected allows us to accurately scope the effort and plan for appropriate tools and techniques.,Requirement: REQ-26,"Analyzing the Existing Data Sources, Application Platforms & Integration to produce future planning",1,unanswered,2025-05-16 11:08:14,2025-05-16 11:08:14
101,1,,"Regarding application and data integration, what specific integration patterns (e.g., ETL/ELT pipelines, APIs, message queues, shared databases) are in scope for analysis? Please provide examples of key interfaces between specific application platforms and data sources that are critical for future planning. Also, what level of documentation currently exists for these integrations (e.g., interface specifications, data mappings)?",Pinpointing the relevant integration patterns and key interfaces ensures we focus our analysis on the most critical aspects of data flow and transformation. Understanding the existing documentation helps us assess the discoverability and understandability of the current integration landscape.,Requirement: REQ-26,"Analyzing the Existing Data Sources, Application Platforms & Integration to produce future planning",1,unanswered,2025-05-16 11:08:14,2025-05-16 11:08:14
102,1,,"What specific future-state planning activities (e.g., cloud migration, application modernization, data warehousing) will leverage the output of this data source, application platform, and integration analysis? For each activity, what are the key questions or concerns that this analysis needs to address to support effective decision-making?",Understanding how the analysis results will be used allows us to tailor the analysis to provide the most actionable insights and avoid extraneous detail. This ensures the analysis directly supports the target planning activities.,Requirement: REQ-26,"Analyzing the Existing Data Sources, Application Platforms & Integration to produce future planning",2,partially_answered,2025-05-16 11:08:14,2025-05-16 11:15:17
103,1,,"Are there known access limitations (e.g., restricted database permissions, missing API documentation, legacy system constraints) to any of the data sources, application platforms, or integration components that could impact the timeline or scope of our analysis? If so, what are the recommended workarounds or escalation paths?","Identifying potential roadblocks upfront allows us to proactively address access issues and adjust the analysis plan accordingly, minimizing delays and ensuring a comprehensive assessment.",Requirement: REQ-26,"Analyzing the Existing Data Sources, Application Platforms & Integration to produce future planning",2,unanswered,2025-05-16 11:08:14,2025-05-16 11:08:14
104,1,,"To effectively scope the 'Discoverability of Technology Tooling' effort within the project timeline, can you provide a comprehensive list of the tool categories (e.g., data ingestion, processing, analytics, visualization), including the expected data sources for each category?",Understanding specific tool categories and their respective data sources is crucial for accurately estimating the discoverability effort and ensuring comprehensive coverage within the given timeline. This information will directly influence the design and implementation of the solution.,Requirement: REQ-27,"Discoverability and Provisioning of Technology Tooling, People & Capacity required",1,unanswered,2025-05-16 11:08:14,2025-05-16 11:08:14
105,1,,"Given the project timeline, what level of automation is required for 'Provisioning of Technology Tooling, People & Capacity'? Specifically, should we prioritize API-driven self-service provisioning, or a more manual, workflow-based approach integrating with existing ITSM systems, such as ServiceNow (if applicable)?",The level of provisioning automation significantly impacts the development effort and integration complexity. Understanding whether API-driven automation or integration with existing ITSM platforms like ServiceNow is preferred is critical for making informed architectural decisions. The timeline constraints heavily influence the feasibility of each approach.,Requirement: REQ-27,"Discoverability and Provisioning of Technology Tooling, People & Capacity required",1,unanswered,2025-05-16 11:08:14,2025-05-16 11:08:14
106,1,,"Considering the defined timeline and target user profiles, what are the key performance indicators (KPIs) for successful discoverability and provisioning? For example, are we measuring time to provision, user satisfaction, or adoption rate? How do these KPIs influence the prioritization of features and functionalities?","Defining clear KPIs provides measurable targets for the success of the project. Understanding how these KPIs are weighted and how they align with the overall project goals will help prioritize features, ensuring that the most impactful functionalities are delivered within the available timeframe. This drives solution design and prioritization.",Requirement: REQ-27,"Discoverability and Provisioning of Technology Tooling, People & Capacity required",2,unanswered,2025-05-16 11:08:14,2025-05-16 11:08:14
107,1,,"Regarding the 'To-Be Tech Stack Assessment', what are the prioritized technical evaluation criteria (e.g., horizontal scalability, real-time ingestion latency, data consistency models, DevOps automation capabilities, TCO) and their respective target thresholds for acceptable performance? How will these criteria be objectively measured and validated during the assessment?","This question focuses on defining measurable technical criteria and thresholds for evaluating the technology stack. It pushes beyond generic criteria like 'scalability' and 'performance' to demand specific, quantifiable targets. This is crucial for objective comparison and informed decision-making.",Requirement: REQ-28,"Technical Capabilities Mapping to meet the Data Needs – Final / To-Be Tech Stack Assessment, Data Model Assessment, Security & Compliance Assessment",1,unanswered,2025-05-16 11:08:14,2025-05-16 11:08:14
108,1,,"For the 'Data Model Assessment,' can you provide a preliminary logical data model diagram highlighting key entities, attributes, relationships, and data governance considerations (e.g., data lineage, data quality rules)? What existing enterprise data models or industry standards will be used as reference, and how will conflicts be resolved? What level of data normalization is expected?","This question delves into the specifics of the data model, pushing for a concrete artifact (data model diagram) and addressing crucial aspects like data governance and conflict resolution. It helps to establish a clear understanding of the desired data landscape and its management.",Requirement: REQ-28,"Technical Capabilities Mapping to meet the Data Needs – Final / To-Be Tech Stack Assessment, Data Model Assessment, Security & Compliance Assessment",1,unanswered,2025-05-16 11:08:14,2025-05-16 11:08:14
109,1,,"Considering the 'Security & Compliance Assessment', what specific security frameworks (e.g., NIST CSF, CIS Controls), compliance regulations (e.g., GDPR, HIPAA, CCPA), and internal security policies are mandated for this project? What are the key data residency requirements, and what specific security controls (e.g., encryption at rest/in transit, access controls, auditing) are required to meet these standards?","This question moves beyond simply asking about security and compliance and drills down into specific frameworks, regulations, and required security controls. This ensures a comprehensive understanding of the security landscape and its impact on the technical design.",Requirement: REQ-28,"Technical Capabilities Mapping to meet the Data Needs – Final / To-Be Tech Stack Assessment, Data Model Assessment, Security & Compliance Assessment",1,partially_answered,2025-05-16 11:08:14,2025-05-16 11:14:58
110,1,,"Regarding the end-to-end data pipeline, what are the non-functional requirements (NFRs) for data ingestion, processing, and delivery, including data latency (e.g., real-time, near real-time, batch), throughput, data quality, and recoverability? What Service Level Objectives (SLOs) are associated with these NFRs?",This question is critical in setting performance expectations and directly influences the selection of technologies and architectural patterns for the data pipeline. Defining SLOs will ensure accountability and facilitate performance monitoring.,Requirement: REQ-28,"Technical Capabilities Mapping to meet the Data Needs – Final / To-Be Tech Stack Assessment, Data Model Assessment, Security & Compliance Assessment",2,unanswered,2025-05-16 11:08:14,2025-05-16 11:08:14
111,1,,"Could you share examples or templates illustrating the expected artifacts for the 'To-Be' Technology Landscape and Enterprise Architecture (e.g., capability maps, application portfolios, technology roadmaps)? What level of abstraction and detail is required for each artifact?","Clarifies expectations for the format, structure, and granularity of the 'To-Be' architecture deliverables. Understanding the desired level of detail and specific artifact types will minimize rework and ensure alignment with stakeholder expectations.",Requirement: REQ-29,Preparation of To-Be Technology Landscape / Enterprise Architecture,1,unanswered,2025-05-16 11:08:14,2025-05-16 11:08:14
112,1,,"What are the key architectural drivers and guiding principles (e.g., cloud-first, API-led connectivity, data mesh) that should inform the 'To-Be' technology landscape design, and how do these relate to specific technology choices and implementation patterns?",Identifies the high-level architectural principles and strategic technology directions that will shape the 'To-Be' landscape. This will guide the selection of technologies and ensure alignment with Travelers' overall IT strategy.,Requirement: REQ-29,Preparation of To-Be Technology Landscape / Enterprise Architecture,1,unanswered,2025-05-16 11:08:14,2025-05-16 11:08:14
113,1,,"What are the critical non-functional requirements (NFRs) with quantifiable targets (e.g., maximum latency, minimum uptime, security compliance level) that will significantly impact technology selection and architectural design for the 'To-Be' landscape? Provide specific examples and acceptable ranges.","Pinpoints the most important non-functional requirements (scalability, security, performance, resilience, etc.) with concrete targets. This will ensure the 'To-Be' architecture is designed to meet critical operational and regulatory needs.",Requirement: REQ-29,Preparation of To-Be Technology Landscape / Enterprise Architecture,1,unanswered,2025-05-16 11:08:14,2025-05-16 11:08:14
114,1,,"Considering the business capabilities prioritized for the initial phase, what are the key integration points and data flows that must be supported by the 'To-Be' architecture? How do these requirements influence the selection of integration technologies and patterns (e.g., API gateways, message queues, ETL processes)?",Focuses on the integration aspects of the 'To-Be' architecture based on prioritized business capabilities. Understanding these dependencies early on helps define the necessary integration layers and technologies.,Requirement: REQ-29,Preparation of To-Be Technology Landscape / Enterprise Architecture,2,unanswered,2025-05-16 11:08:14,2025-05-16 11:08:14
115,1,,"Regarding the Technology Stack Assessment and Enterprise Architecture deliverables, what are the projected completion dates? Specifically, when will data-related architecture documentation (e.g., data flow diagrams, data models, API specifications) be available for review and integration into the data strategy?",This question directly addresses the timeline dependency and focuses on the availability of key artifacts needed for the data strategy. Understanding the detailed timeline ensures proper synchronization and avoids rework.,Requirement: REQ-30,Recommendation on FlowMart Data Strategy Across Data Value Chain,1,unanswered,2025-05-16 11:08:14,2025-05-16 11:08:14
116,1,,"What existing data governance frameworks, policies, and standards (e.g., data quality rules, data retention policies, data security standards) are currently enforced within FlowMart's technology landscape? Can we access relevant documentation or designated subject matter experts for clarification?","This question seeks precise information on existing data governance structures and avoids assumptions. Access to documentation or SMEs ensures a complete understanding of the current governance environment, which is crucial for alignment and compliance.",Requirement: REQ-30,Recommendation on FlowMart Data Strategy Across Data Value Chain,2,partially_answered,2025-05-16 11:08:14,2025-05-16 11:15:21
117,1,,"To ensure comprehensive cost coverage for the ROM estimate, can you provide a definitive list of *all* tools and technologies to be included? Specifically, clarify which categories (e.g., data integration, cloud infrastructure, security) are in scope and any specific versions or editions to consider.","This question is crucial for establishing a clear boundary for the ROM estimate, ensuring no critical technologies are overlooked and that versioning is accounted for.",Requirement: REQ-31,"High-level cost ROM estimate for implementation, including Tools and technologies",1,unanswered,2025-05-16 11:08:14,2025-05-16 11:08:14
118,1,,"What is the acceptable range of variance (e.g., +/- X%) for the ROM estimate? What key factors or assumptions should be clearly documented to contextualize the final ROM figure? Are there any 'known unknowns' anticipated that would impact accuracy?","Clarifies the desired accuracy level and provides context for potential cost variations, allowing for a more realistic and transparent estimation process. Includes probing for unknowns to expose potential risks.",Requirement: REQ-31,"High-level cost ROM estimate for implementation, including Tools and technologies",1,unanswered,2025-05-16 11:08:14,2025-05-16 11:08:14
119,1,,"Considering the dependency on the 'To-Be Technology Landscape / Enterprise Architecture' (REQ-29) and the 'FlowMart Data Strategy Across Data Value Chain' (REQ-30), what specific integration patterns and data migration strategies are anticipated that will significantly impact tooling and infrastructure costs? Please provide estimated data volumes and transformation complexity.","This merged question directly links dependencies to cost implications, focusing on the technical details of integration and data migration that drive cost. It probes for quantitative data to inform the estimate.",Requirement: REQ-31,"High-level cost ROM estimate for implementation, including Tools and technologies",2,unanswered,2025-05-16 11:08:14,2025-05-16 11:08:14
120,1,,"Does Travelers already possess any enterprise agreements or preferred vendor relationships for the identified tools and technologies? If so, what are the license terms (e.g., perpetual, subscription) and utilization rights for these existing resources?",Focuses on identifying and leveraging existing assets to reduce costs. Specifically asks about license terms to understand potential limitations or opportunities.,Requirement: REQ-31,"High-level cost ROM estimate for implementation, including Tools and technologies",3,partially_answered,2025-05-16 11:08:14,2025-05-16 11:15:25
121,1,,"Given the proposed event-based architecture for Flowmart, what is the detailed strategy for integrating with existing batch-oriented data pipelines? Specifically, how will data consistency and transactional integrity be guaranteed between these disparate systems, and what are the expected latency characteristics for data propagation between them? What data reconciliation mechanisms will be implemented to address potential discrepancies?","Integrating a new event-driven architecture with existing batch processes presents significant challenges in maintaining data consistency and minimizing latency. Understanding the detailed integration strategy, including reconciliation mechanisms, is crucial for avoiding data silos and ensuring accurate, timely information for decision-making. This also avoids the risk of inconsistent data being presented to users.",,,1,unanswered,2025-05-16 11:08:14,2025-05-16 11:08:14
122,1,,"The SOW states that data quality will be assessed. What specific metrics and tools will be used to measure data quality (e.g., completeness, accuracy, consistency, validity) both before and after migration? Also, what is the defined Service Level Objective (SLO) for data quality post-migration, and who is ultimately accountable for ensuring data meets this SLO? Please provide a detailed data remediation plan, including resource allocation and timelines, for addressing any identified data quality gaps.","A high-level assessment of data quality is insufficient. This question seeks to understand the specific, measurable criteria for data quality and the detailed plan for achieving and maintaining acceptable levels. A concrete data remediation plan is essential for preventing data-related issues from delaying the project and impacting the system's reliability.",,,1,unanswered,2025-05-16 11:08:14,2025-05-16 11:08:14
123,1,,"How will security testing and validation be integrated into the development lifecycle for the modernized Flowmart system, beyond a high-level discussion of security requirements and compliance? Specify which security testing methodologies (e.g., SAST, DAST, penetration testing, fuzzing) will be employed, their frequency, and the criteria for passing each test. Further, who is responsible for addressing vulnerabilities identified during testing, and what are the defined escalation procedures and remediation timelines?","Superficial security considerations can lead to vulnerabilities. This question drills down into the specifics of the security testing strategy, ensuring proactive identification and remediation of potential risks. Understanding the testing methodologies, ownership, and timelines is critical for building a secure system.",,,2,unanswered,2025-05-16 11:08:14,2025-05-16 11:08:14
124,1,,"What are the specific Service Level Agreements (SLAs) defined for the modernized Flowmart system regarding uptime, performance (e.g., transaction response times, data processing throughput), and support response/resolution times? How will these SLAs be monitored and reported, and what are the financial penalties or other consequences for failing to meet them?","Defined SLAs are essential for managing expectations and ensuring that the modernized system meets business needs. Understanding the performance and support guarantees, as well as the consequences for failing to meet them, is crucial for accountability and ongoing system management.",,,2,unanswered,2025-05-16 11:08:14,2025-05-16 11:08:14
